user,depositNumber,stakingPhase,stakingPeriod,stakingStartDate,stakingEndDate,amount,reward,apy
0xcE043A2c3572C111fc3E2e660600c6f83f98Cc74,11,0,7,2026-04-08T17:45:49.000Z,2026-04-15T17:45:49.000Z,"1,000,000.00","5,753.42",30
0x5eFF5EB03d495904CB1fc318E3Fdf91f56b68295,8,0,7,2026-04-08T17:25:41.000Z,2026-04-15T17:25:41.000Z,"1,000,000.00","5,753.42",30
0x47cABbA9ABf3Ff8a9dDe2Ac3675aB6E029C652c9,12,0,7,2026-04-08T17:10:07.000Z,2026-04-15T17:10:07.000Z,"142,100.00",817.56,30
0x06f860b593e509E3FF0617859418D2F99495eA81,7,0,7,2026-04-08T16:20:07.000Z,2026-04-15T16:20:07.000Z,"1,000,000.00","5,753.42",30
0x2eb52d6c72919246d7370e16267F9DDE7CDcFCaa,14,0,7,2026-04-08T16:04:27.000Z,2026-04-15T16:04:27.000Z,"1,000,000.00","5,753.42",30
0x986b088F2874FeC553f05644Aa22c4b0239d54e5,24,0,7,2026-04-08T15:56:59.000Z,2026-04-15T15:56:59.000Z,"1,000,000.00","5,753.42",30
0x2Cb558577Ba4C70752F65B71188e6563e725E0a5,5,0,7,2026-04-08T15:32:33.000Z,2026-04-15T15:32:33.000Z,"443,060.27","2,549.11",30
0xF7E482d5e2a72CA9E1E17945192a83E81f4BfE71,26,0,7,2026-04-08T14:43:39.000Z,2026-04-15T14:43:39.000Z,"461,000.00","2,652.33",30
0xB322De242318f10b70959ACfc676e7a9e6056482,22,0,7,2026-04-08T13:45:11.000Z,2026-04-15T13:45:11.000Z,"1,000,000.00","5,753.42",30
0x66e7315e8470CFDCe48059882eBb867Fd19920f6,18,0,7,2026-04-08T13:35:29.000Z,2026-04-15T13:35:29.000Z,"63,000.00",362.47,30
0xE9ce9be409E683A3a867a3A6581053F0DDaB4CA4,19,0,7,2026-04-08T13:07:35.000Z,2026-04-15T13:07:35.000Z,"438,000.00","2,520.00",30
0xDCC62Cf1E7c6A242ed3f866FAEFbe8aEb87B28Ec,15,0,7,2026-04-08T12:56:11.000Z,2026-04-15T12:56:11.000Z,"209,000.00","1,202.47",30
0xf3cf2184d03B480aceEE416342446503dFcdcA19,6,0,7,2026-04-08T12:51:29.000Z,2026-04-15T12:51:29.000Z,"1,000,000.00","5,753.42",30
0xfFD77FF7b9F30E120071187Ee9Cb1bdd87B0d891,3,0,7,2026-04-08T12:49:07.000Z,2026-04-15T12:49:07.000Z,"1,000,000.00","5,753.42",30
0xF78411993c25C051f8f5678C80dcce54cCe8519D,6,0,7,2026-04-08T12:47:05.000Z,2026-04-15T12:47:05.000Z,"1,000,000.00","5,753.42",30
0x20A8702b0626cA89C961dE94F7f3f1DA3DDe1a2E,8,0,7,2026-04-08T12:45:37.000Z,2026-04-15T12:45:37.000Z,"1,000,000.00","5,753.42",30
0x808D2Acf6Ea6736D5C97e3b9167bcf630f4d583d,9,0,7,2026-04-08T12:43:51.000Z,2026-04-15T12:43:51.000Z,"1,000,000.00","5,753.42",30
0xBE4528FBeEB821bc3E9697283a35F6C0808E30af,9,0,7,2026-04-08T12:41:41.000Z,2026-04-15T12:41:41.000Z,"1,000,000.00","5,753.42",30
0x3dFBC5a761aEaf5d77dD8115453a96AD0C381FA5,9,0,7,2026-04-08T12:40:09.000Z,2026-04-15T12:40:09.000Z,"1,000,000.00","5,753.42",30
0x664A006af27911F4D12A665c32b579C9509A1eEb,9,0,7,2026-04-08T12:38:05.000Z,2026-04-15T12:38:05.000Z,"1,000,000.00","5,753.42",30
0xB9B089B16491264296fbB7C068cA73E8e61D6612,9,0,7,2026-04-08T12:35:57.000Z,2026-04-15T12:35:57.000Z,"1,000,000.00","5,753.42",30
0xb22640a2A4f0C7e552e4289b826a349599E0937c,10,0,7,2026-04-08T12:33:21.000Z,2026-04-15T12:33:21.000Z,"1,000,000.00","5,753.42",30
0x9B2Da3bb545909AD7406C99f0eACf81BE3B244b9,9,0,7,2026-04-08T12:31:17.000Z,2026-04-15T12:31:17.000Z,"1,000,000.00","5,753.42",30
0xf4d7441c4D2118942F7fB36d55cbC6a9bAB693D8,9,0,7,2026-04-08T12:29:43.000Z,2026-04-15T12:29:43.000Z,"1,000,000.00","5,753.42",30
0xc99b9d4bBB924E3DEC23DB4A65cADD250845e8Db,9,0,7,2026-04-08T12:27:45.000Z,2026-04-15T12:27:45.000Z,"1,000,000.00","5,753.42",30
0xD2fB4a17fBF9016258EbFF090BcE3f9B6eB49116,9,0,7,2026-04-08T12:25:37.000Z,2026-04-15T12:25:37.000Z,"1,000,000.00","5,753.42",30
0xF121408Daa6EdF4Db5F67D8adbF9EaF5293569Cd,18,0,7,2026-04-08T11:14:55.000Z,2026-04-15T11:14:55.000Z,"618,509.00","3,558.54",30
0xDbD875E570BAe83E23fc68fce1AeC7d63CeC4aDa,9,0,7,2026-04-08T10:57:11.000Z,2026-04-15T10:57:11.000Z,"1,000,000.00","5,753.42",30
0x66e7315e8470CFDCe48059882eBb867Fd19920f6,17,0,7,2026-04-08T10:15:03.000Z,2026-04-15T10:15:03.000Z,"55,000.00",316.44,30
0x66e7315e8470CFDCe48059882eBb867Fd19920f6,16,0,7,2026-04-04T13:50:15.000Z,2026-04-11T13:50:15.000Z,"17,000.00",97.81,30
0x66e7315e8470CFDCe48059882eBb867Fd19920f6,15,0,7,2026-04-04T06:03:55.000Z,2026-04-11T06:03:55.000Z,"27,500.00",158.22,30
0x3042bf2B6c2001F92b3583C5415d9cA12aCF475B,4,0,7,2026-04-04T00:32:41.000Z,2026-04-11T00:32:41.000Z,"51,200.00",294.58,30
0xc4bb67A5361f1976c6327252A1ec21D2f1555F5B,1,0,7,2026-04-03T20:44:25.000Z,2026-04-10T20:44:25.000Z,"366,300.00","2,107.48",30
0x8a02d0809c7ff6749c4728C811e9c1f2d0351d2f,8,0,7,2026-04-03T19:09:33.000Z,2026-04-10T19:09:33.000Z,"168,000.00",966.58,30
0x8a02d0809c7ff6749c4728C811e9c1f2d0351d2f,7,0,7,2026-04-03T19:01:17.000Z,2026-04-10T19:01:17.000Z,"8,100.00",46.60,30
0x47cABbA9ABf3Ff8a9dDe2Ac3675aB6E029C652c9,11,0,7,2026-04-03T14:10:49.000Z,2026-04-10T14:10:49.000Z,"481,100.00","2,767.97",30
0x412F30D40Cd80c4D6A175bDB07695978605bf247,7,0,7,2026-04-03T13:44:59.000Z,2026-04-10T13:44:59.000Z,"300,000.00","1,726.03",30
0xe52387A28AB7Db9882B3046CE3ABc5855a7425F4,5,0,7,2026-04-03T13:10:21.000Z,2026-04-10T13:10:21.000Z,"1,000,000.00","5,753.42",30
0x4BE3275fb70805698450E7C5eA29cA7CaB732837,8,0,7,2026-04-03T12:53:57.000Z,2026-04-10T12:53:57.000Z,"892,260.00","5,133.55",30
0x24339502739640eB4DFaBfAB7F0ef3314ddC9c60,1,0,7,2026-04-03T12:45:37.000Z,2026-04-10T12:45:37.000Z,"243,588.90","1,401.47",30
0xDCC62Cf1E7c6A242ed3f866FAEFbe8aEb87B28Ec,14,0,7,2026-04-03T11:00:39.000Z,2026-04-10T11:00:39.000Z,"34,500.00",198.49,30
0x840CfdB0b6d47dBBe215202A9d1fb9A165b734bF,11,0,7,2026-04-03T09:54:53.000Z,2026-04-10T09:54:53.000Z,"920,000.00","5,293.15",30
0xF121408Daa6EdF4Db5F67D8adbF9EaF5293569Cd,17,0,7,2026-04-03T08:24:47.000Z,2026-04-10T08:24:47.000Z,"78,415.00",451.15,30
0xf01040A392A63f211a99De380d5c1B665320a863,12,0,7,2026-04-03T05:50:35.000Z,2026-04-10T05:50:35.000Z,"1,000,000.00","5,753.42",30
0xA7D79178942235A34A33e25c379a635a41400F2c,16,0,7,2026-04-02T23:57:39.000Z,2026-04-09T23:57:39.000Z,"1,000,000.00","5,753.42",30
0xE9ce9be409E683A3a867a3A6581053F0DDaB4CA4,18,0,7,2026-04-02T19:39:57.000Z,2026-04-09T19:39:57.000Z,"562,000.00","3,233.42",30
0xd5851b50855DE755fb34C803A862b55423019fa9,5,0,7,2026-04-02T13:16:37.000Z,2026-04-09T13:16:37.000Z,"697,000.00","4,010.14",30
0x4a8b16E99689c6F1d55B922eEb1806327C1C9d3D,8,0,7,2026-04-02T10:14:31.000Z,2026-04-09T10:14:31.000Z,"1,000,000.00","5,753.42",30
0x9e618986a6513EE8Fd67dEd0DD6d18bB17D1bd97,7,0,7,2026-04-02T09:52:31.000Z,2026-04-09T09:52:31.000Z,"1,000,000.00","5,753.42",30
0xCBCB8439a22a01847757ceb784016083Cb6a0f65,8,0,7,2026-04-02T09:08:13.000Z,2026-04-09T09:08:13.000Z,"1,000,000.00","5,753.42",30
0xF121408Daa6EdF4Db5F67D8adbF9EaF5293569Cd,16,0,7,2026-04-02T07:30:45.000Z,2026-04-09T07:30:45.000Z,"52,291.00",300.85,30
0x66e7315e8470CFDCe48059882eBb867Fd19920f6,14,0,7,2026-04-02T07:00:41.000Z,2026-04-09T07:00:41.000Z,"500,000.00","2,876.71",30
0xa339b415398928f2C48c19f90b8e2804D7D29ecF,5,0,7,2026-04-02T04:27:11.000Z,2026-04-09T04:27:11.000Z,"1,000,000.00","5,753.42",30
0x0866F421D2591b87f459b7373D2FA9F8f959b7D7,5,0,7,2026-04-02T04:19:29.000Z,2026-04-09T04:19:29.000Z,"1,000,000.00","5,753.42",30
0x2329023eF31cfe7A84e9f53F15DFbcFaC3Aacf5a,9,0,7,2026-04-01T22:12:25.000Z,2026-04-08T22:12:25.000Z,"1,000,000.00","5,753.42",30
0xF121408Daa6EdF4Db5F67D8adbF9EaF5293569Cd,15,0,7,2026-04-01T21:50:39.000Z,2026-04-08T21:50:39.000Z,"26,877.00",154.63,30
0xE2030d09d8682E2771F9D179bD1a61366245d2CE,3,0,7,2026-04-01T19:32:21.000Z,2026-04-08T19:32:21.000Z,"421,424.27","2,424.63",30
0xd83F2e7768bBe2eaf597F54bD03Ea81A9596870F,24,0,7,2026-04-01T19:13:45.000Z,2026-04-08T19:13:45.000Z,"1,000,000.00","5,753.42",30
0x2d4c79960bcE4161643e0f3a7b7C459F876BDEe6,12,0,7,2026-04-01T19:12:59.000Z,2026-04-08T19:12:59.000Z,"1,000,000.00","5,753.42",30
0xA77A6701186402F251D342af9c73Eb9c7f81B0b1,7,0,7,2026-04-01T18:47:51.000Z,2026-04-08T18:47:51.000Z,"1,000,000.00","5,753.42",30
0xF121408Daa6EdF4Db5F67D8adbF9EaF5293569Cd,14,0,7,2026-04-01T18:24:31.000Z,2026-04-08T18:24:31.000Z,"67,835.00",390.28,30
0xd00bE684871aAE5e22042fe68dad498EB3811A3e,7,0,7,2026-04-01T18:09:21.000Z,2026-04-08T18:09:21.000Z,"1,000,000.00","5,753.42",30
0x2ee2405dc72EA46BcEBDdbC089bc11897c86935d,4,0,7,2026-04-01T17:21:15.000Z,2026-04-08T17:21:15.000Z,"925,801.00","5,326.53",30
0x5Acd7734Fa4e93854F4459F7eeeA99d7dDff8734,5,0,7,2026-04-01T17:04:45.000Z,2026-04-08T17:04:45.000Z,"7,000.00",40.27,30
0x243FA6718905084b07C5fF665d34CEc0Bb57dF60,6,0,7,2026-04-01T11:37:55.000Z,2026-04-08T11:37:55.000Z,"1,000,000.00","5,753.42",30
0xB513e2ADFB16c1E6F8f92d7Ba2533826C5fd4361,7,0,7,2026-03-31T18:01:41.000Z,2026-04-07T18:01:41.000Z,"1,000,000.00","5,753.42",30
0x3aAf48118cAe0f66a8738C24D04E260728a186c7,10,0,7,2026-03-31T17:57:57.000Z,2026-04-07T17:57:57.000Z,"1,000,000.00","5,753.42",30
0x247e8465D56972b09dE579C13eD40792a09BC278,5,0,7,2026-03-30T23:03:37.000Z,2026-04-06T23:03:37.000Z,"1,000,000.00","5,753.42",30
0xfF3A58211068937E42fB2A580ccB5BA1540D6c7f,4,0,7,2026-03-30T22:53:43.000Z,2026-04-06T22:53:43.000Z,"1,000,000.00","5,753.42",30
0x5Acd7734Fa4e93854F4459F7eeeA99d7dDff8734,4,0,7,2026-03-30T08:54:06.000Z,2026-04-06T08:54:06.000Z,"388,297.00","2,234.04",30
0xee8c8371B5e72447E664a31dC8Acc32875C0a4ad,1,0,7,2026-03-29T18:41:06.000Z,2026-04-05T18:41:06.000Z,"34,511.00",198.56,30
0xbDCD9Aa0Ba209B4DB573D846d40515af9A18Dc46,0,0,7,2026-03-29T18:40:30.000Z,2026-04-05T18:40:30.000Z,"1,000,000.00","5,753.42",30
0x831094C075744fE564031F33A672D52b7CC07d23,0,0,7,2026-03-26T13:34:49.000Z,2026-04-02T13:34:49.000Z,"70,988.00",408.42,30
0x57a1BD324391ce1AC3a338CF7E1fd672CCafA46B,0,0,7,2026-03-23T11:16:33.000Z,2026-03-30T11:16:33.000Z,"1,000,000.00","5,753.42",30
0x2D959946536408f3a5447E872FC3Df00bAD85097,0,0,7,2026-03-23T07:22:19.000Z,2026-03-30T07:22:19.000Z,"32,116.00",184.78,30
0x4D307A6E63486D01B95B691fbd1ee703b07DB259,0,0,7,2026-03-20T21:20:25.000Z,2026-03-27T21:20:25.000Z,"307,559.00","1,769.52",30
0x99dD14B704c246DA813f9589E7cd53F3b8d00010,2,0,7,2026-03-16T19:04:59.000Z,2026-03-23T19:04:59.000Z,"114,000.00",655.89,30
0x6148b13D0aeED932056469587F583C389F01a04b,3,0,7,2026-03-13T06:19:35.000Z,2026-03-20T06:19:35.000Z,"1,000,000.00","5,753.42",30
0xaBd38386034C07FfbD37d87080F4deCcD7Bac245,3,0,7,2026-03-13T06:15:53.000Z,2026-03-20T06:15:53.000Z,"1,000,000.00","5,753.42",30
0x8DFcEd54D2f84a53774D0D5974f3d5e81D4A5f78,3,0,7,2026-03-13T06:12:03.000Z,2026-03-20T06:12:03.000Z,"1,000,000.00","5,753.42",30
0x0a6c8b37acfF745c89C1e9BB46F45E930ffD36fe,0,0,7,2026-03-11T12:11:45.000Z,2026-03-18T12:11:45.000Z,"212,906.00","1,224.94",30
0x4b78AFc593d70BF168c0871129524014e274C5Cf,1,0,7,2026-03-10T04:14:59.000Z,2026-03-17T04:14:59.000Z,"37,170.00",213.85,30
0x3FCf6ebeCe3aA8b5e8A44859a20cE817ff4e241c,3,0,7,2026-03-04T14:51:15.000Z,2026-03-11T14:51:15.000Z,"925,821.00","5,326.64",30
0x90Ab90bE2ce0DF9a0Bc3a75684d19BAA48E3354e,0,0,7,2026-02-07T16:41:57.000Z,2026-02-14T16:41:57.000Z,"31,723.92",182.52,30
